{
    "body": "<path d=\"M14.4411 6.51324H10.3754C10.2283 6.51324 10.1039 6.57209 10.001 6.70048L7.08549 10.3114C6.65753 10.8463 6.55054 11.3412 6.55054 12.05V15.7411C5.601 18.4025 4.99918 20.208 4.55785 21.8396C4.5311 21.9439 4.57122 22.0001 4.66484 22.0001H5.10617C5.18641 22.0001 5.26666 21.9599 5.2934 21.8931C8.62347 13.4141 12.2478 9.21474 14.5213 6.70048C14.6149 6.59349 14.5748 6.51324 14.4411 6.51324Z\" fill=\"currentColor\"/><path d=\"M14.5614 2.35394C14.2886 2.45959 14.0265 2.6388 13.9061 2.74178C12.7025 3.77156 11.9001 4.58736 11.1378 5.38978C11.0441 5.4834 11.0843 5.57701 11.218 5.57701H15.725C16.1395 5.57701 16.3803 5.81774 16.3803 6.23233V11.3144C16.3803 11.4481 16.4873 11.4882 16.5675 11.3679L19.2824 7.82381C19.7237 7.24873 19.8574 7.07488 19.9778 6.27245C20.1383 5.09556 20.0447 3.2901 19.3359 2.54117C18.7073 1.87248 15.8721 1.84574 14.5614 2.35394Z\" fill=\"currentColor\"/><path d=\"M15.2435 7.52963C12.4484 10.6457 10.2685 13.9223 8.24901 17.8675C8.19819 17.9665 8.26239 18.0548 8.38275 18.0147L12.5554 16.7308C13.0261 16.5863 13.2909 16.3964 13.5183 16.022L15.3772 12.9594C15.4173 12.8791 15.4307 12.7855 15.4307 12.7187V7.60988C15.4307 7.47614 15.3371 7.42264 15.2435 7.52963Z\" fill=\"currentColor\"/>",
    "width": 15,
    "height": 15
}
